{"format": "layers-model", "generatedBy": "keras v3.8.0", "convertedBy": "TensorFlow.js Converter v4.22.0", "modelTopology": {"keras_version": "3.8.0", "backend": "tensorflow", "model_config": {"class_name": "HybridRecommenderNet", "config": {"name": "hybrid_recommender_net_1", "trainable": true, "dtype": {"module": "keras", "class_name": "DTypePolicy", "config": {"name": "float32"}, "registered_name": null}}}, "training_config": {"loss": {"class_name": "MeanSquaredError", "config": {"name": "mean_squared_error", "reduction": "sum_over_batch_size"}}, "loss_weights": null, "metrics": [{"class_name": "MeanSquaredError", "config": {"name": "mse", "dtype": "float32"}}], "weighted_metrics": null, "run_eagerly": false, "steps_per_execution": 1, "jit_compile": false, "optimizer_config": {"class_name": "Adam", "config": {"name": "adam", "learning_rate": 0.0010000000474974513, "weight_decay": null, "clipnorm": null, "global_clipnorm": null, "clipvalue": null, "use_ema": false, "ema_momentum": 0.99, "ema_overwrite_frequency": null, "loss_scale_factor": null, "gradient_accumulation_steps": null, "beta_1": 0.9, "beta_2": 0.999, "epsilon": 1e-07, "amsgrad": false}}}}, "weightsManifest": [{"paths": ["group1-shard1of1.bin"], "weights": [{"name": "hybrid_recommender_net_1/dense_2/kernel", "shape": [157, 64], "dtype": "float32"}, {"name": "hybrid_recommender_net_1/dense_2/bias", "shape": [64], "dtype": "float32"}, {"name": "hybrid_recommender_net_1/dense_3/kernel", "shape": [64, 1], "dtype": "float32"}, {"name": "hybrid_recommender_net_1/dense_3/bias", "shape": [1], "dtype": "float32"}, {"name": "hybrid_recommender_net_1/embedding_5/embeddings", "shape": [2099, 50], "dtype": "float32"}, {"name": "hybrid_recommender_net_1/embedding_6/embeddings", "shape": [2099, 1], "dtype": "float32"}, {"name": "hybrid_recommender_net_1/embedding_7/embeddings", "shape": [156, 50], "dtype": "float32"}, {"name": "hybrid_recommender_net_1/embedding_8/embeddings", "shape": [156, 1], "dtype": "float32"}, {"name": "hybrid_recommender_net_1/embedding_9/embeddings", "shape": [156, 50], "dtype": "float32"}]}]}